City_ID,City,Country,Date,Lat,Lng,Max Temp,Humidity,Cloudiness,Wind Speed,Current Description
0,Vaini,TO,2022-02-06 19:09:25,-21.2,-175.2,75.36,94,100,10.36,light rain
1,Mataura,NZ,2022-02-06 19:11:48,-46.1927,168.8643,43.48,90,10,0.92,clear sky
2,Lagoa,PT,2022-02-06 19:08:46,39.05,-27.9833,60.19,85,16,12.15,few clouds
3,Ushuaia,AR,2022-02-06 19:11:49,-54.8,-68.3,55.81,81,100,8.32,overcast clouds
4,Lenger,KZ,2022-02-06 19:11:49,42.183,69.8839,29.64,97,100,8.97,snow
5,Upernavik,GL,2022-02-06 19:09:47,72.7868,-56.1549,-12.98,97,100,6.58,overcast clouds
6,Talaya,RU,2022-02-06 19:11:50,61.3833,152.75,-35.82,88,9,1.86,clear sky
7,Arraial Do Cabo,BR,2022-02-06 19:11:51,-22.9661,-42.0278,84.06,65,0,14.97,clear sky
8,East London,ZA,2022-02-06 19:11:08,-33.0153,27.9116,74.82,82,1,22.03,clear sky
9,Kodiak,US,2022-02-06 19:09:14,57.79,-152.4072,36.91,70,0,10.36,clear sky
10,Punta Arenas,CL,2022-02-06 19:11:52,-53.15,-70.9167,69.91,52,75,16.11,broken clouds
11,Bluff,NZ,2022-02-06 19:11:52,-46.6,168.3333,43.81,78,6,4.79,clear sky
12,Nieuw Amsterdam,SR,2022-02-06 19:11:53,5.8833,-55.0833,86.14,71,40,4.61,scattered clouds
13,Kapaa,US,2022-02-06 19:11:53,22.0752,-159.319,75.52,80,75,1.01,light rain
14,Zhigansk,RU,2022-02-06 19:11:54,66.7697,123.3711,-25.56,99,96,6.49,overcast clouds
15,Rikitea,PF,2022-02-06 19:11:54,-23.1203,-134.9692,79.09,70,2,16.75,clear sky
16,Jamestown,US,2022-02-06 19:07:01,42.097,-79.2353,34.52,30,0,13.8,clear sky
17,Puerto Ayora,EC,2022-02-06 19:09:18,-0.7393,-90.3518,82.36,86,58,8.01,broken clouds
18,Pinheiro Machado,BR,2022-02-06 19:11:55,-31.5783,-53.3811,69.06,63,98,11.81,overcast clouds
19,Albany,US,2022-02-06 19:07:26,42.6001,-73.9662,27.82,51,13,3.0,few clouds
20,Gavrilov Posad,RU,2022-02-06 19:11:56,56.5597,40.1175,6.28,100,91,5.57,overcast clouds
21,Golovino,RU,2022-02-06 19:11:56,55.9613,40.4251,6.1,99,90,4.36,overcast clouds
22,Port Blair,IN,2022-02-06 19:11:57,11.6667,92.75,78.66,81,12,9.93,few clouds
23,New Norfolk,AU,2022-02-06 19:09:28,-42.7826,147.0587,52.72,75,4,1.95,clear sky
24,Bakchar,RU,2022-02-06 19:11:58,57.0186,82.0711,9.03,89,100,5.06,overcast clouds
25,Vestmannaeyjar,IS,2022-02-06 19:11:58,63.4427,-20.2734,33.73,57,100,9.33,overcast clouds
26,Kerrville,US,2022-02-06 19:08:58,30.0474,-99.1403,57.45,35,0,4.0,clear sky
27,Cabedelo,BR,2022-02-06 19:11:59,-6.9811,-34.8339,86.67,62,20,10.45,few clouds
28,Klaksvik,FO,2022-02-06 19:10:56,62.2266,-6.589,36.52,59,81,35.88,broken clouds
29,Gazipur,BD,2022-02-06 19:11:59,23.9981,90.423,64.36,72,40,0.0,haze
30,Cape Town,ZA,2022-02-06 19:08:47,-33.9258,18.4232,69.1,73,15,1.01,few clouds
31,Hilo,US,2022-02-06 19:10:53,19.7297,-155.09,71.26,91,100,5.75,heavy intensity rain
32,Narsaq,GL,2022-02-06 19:09:43,60.9167,-46.05,7.02,72,100,1.16,overcast clouds
33,Castro,BR,2022-02-06 19:12:00,-24.7911,-50.0119,77.86,67,29,6.71,moderate rain
34,Ruwi,OM,2022-02-06 19:12:01,23.5996,58.5507,71.29,56,0,10.6,clear sky
35,Hobart,AU,2022-02-06 19:09:13,-42.8794,147.3294,53.06,87,5,1.01,clear sky
36,Bandarbeyla,SO,2022-02-06 19:07:42,9.4942,50.8122,75.87,72,100,14.9,overcast clouds
37,Black Diamond,US,2022-02-06 19:12:02,47.3087,-122.0032,46.94,53,10,2.55,clear sky
38,Mar Del Plata,AR,2022-02-06 19:08:27,-38.0023,-57.5575,68.09,88,75,5.01,mist
39,San Vicente,AR,2022-02-06 19:12:02,-26.6167,-54.1333,85.86,24,0,7.2,clear sky
40,Sibu,MY,2022-02-06 19:12:03,2.3,111.8167,73.31,99,100,0.85,overcast clouds
41,Touros,BR,2022-02-06 19:12:03,-5.1989,-35.4608,86.9,63,1,13.51,clear sky
42,Atuona,PF,2022-02-06 19:09:16,-9.8,-139.0333,78.78,72,0,19.04,clear sky
43,Mehamn,NO,2022-02-06 19:12:04,71.0357,27.8492,18.64,89,30,14.83,scattered clouds
44,Llanes,ES,2022-02-06 19:13:05,43.4198,-4.7549,51.89,70,71,8.63,broken clouds
45,Vilyuysk,RU,2022-02-06 19:13:05,63.7553,121.6247,-14.98,98,100,6.91,overcast clouds
46,Victor Harbor,AU,2022-02-06 19:13:06,-35.5667,138.6167,77.79,61,0,7.36,clear sky
47,Busselton,AU,2022-02-06 19:13:06,-33.65,115.3333,54.09,53,64,17.92,broken clouds
48,Hermanus,ZA,2022-02-06 19:13:06,-34.4187,19.2345,67.89,89,9,8.19,clear sky
49,Sao Filipe,CV,2022-02-06 19:13:07,14.8961,-24.4956,73.81,71,0,10.89,clear sky
50,Port Alfred,ZA,2022-02-06 19:13:07,-33.5906,26.891,75.02,82,47,26.22,scattered clouds
51,Bengkulu,ID,2022-02-06 19:11:11,-3.8004,102.2655,76.1,88,100,9.84,overcast clouds
52,Vanavara,RU,2022-02-06 19:13:08,60.34,102.2797,-13.76,100,93,2.48,overcast clouds
53,Dubbo,AU,2022-02-06 19:12:21,-32.25,148.6167,55.53,94,0,8.05,clear sky
54,Yellowknife,CA,2022-02-06 19:13:09,62.456,-114.3525,-4.59,87,100,13.8,light snow
55,Caravelas,BR,2022-02-06 19:13:09,-17.7125,-39.2481,83.34,65,7,10.25,clear sky
56,Avarua,CK,2022-02-06 19:13:10,-21.2078,-159.775,77.05,88,85,10.36,overcast clouds
57,Chuy,UY,2022-02-06 19:08:37,-33.6971,-53.4616,75.27,39,3,16.82,clear sky
58,Port Lincoln,AU,2022-02-06 19:13:10,-34.7333,135.8667,70.99,69,0,12.59,clear sky
59,Victoria,HK,2022-02-06 19:10:08,22.2855,114.1577,62.65,84,100,1.01,overcast clouds
60,Iqaluit,CA,2022-02-06 19:08:44,63.7506,-68.5145,-32.31,66,71,1.99,broken clouds
61,Ciudad Ojeda,VE,2022-02-06 19:13:11,10.1964,-71.3082,84.67,61,0,10.58,clear sky
62,Metro,ID,2022-02-06 19:13:12,-5.1131,105.3067,73.11,96,99,4.7,heavy intensity rain
63,Saint-Philippe,RE,2022-02-06 19:11:15,-21.3585,55.7679,78.39,80,99,15.5,overcast clouds
64,Carnarvon,AU,2022-02-06 19:13:13,-24.8667,113.6333,73.58,66,39,23.8,scattered clouds
65,Mamakan,RU,2022-02-06 19:13:13,57.8161,114.0028,7.09,97,100,4.05,overcast clouds
66,Tasiilaq,GL,2022-02-06 19:09:40,65.6145,-37.6368,23.16,62,100,35.54,overcast clouds
67,Ilulissat,GL,2022-02-06 19:13:14,69.2167,-51.1,1.42,60,100,5.75,overcast clouds
68,Okhotsk,RU,2022-02-06 19:13:15,59.3833,143.3,-0.83,69,100,12.15,overcast clouds
69,Vestmanna,FO,2022-02-06 19:13:15,62.1564,-7.1664,34.72,60,75,29.93,broken clouds
70,Constitucion,CL,2022-02-06 19:11:13,-35.3333,-72.4167,71.74,56,13,9.75,few clouds
71,Stornoway,GB,2022-02-06 19:13:16,58.2093,-6.3865,38.93,77,75,7.0,broken clouds
72,Tiksi,RU,2022-02-06 19:10:11,71.6872,128.8694,-14.96,98,100,3.71,overcast clouds
73,Alamos,MX,2022-02-06 19:13:16,27.0167,-108.9333,62.71,33,0,5.06,clear sky
74,Ayan,RU,2022-02-06 19:13:17,56.45,138.1667,-5.62,77,90,9.46,overcast clouds
75,Portland,US,2022-02-06 19:09:42,45.5234,-122.6762,56.28,80,75,5.01,fog
76,Harer,ET,2022-02-06 19:13:17,9.3094,42.1258,60.39,72,0,10.56,clear sky
77,Jalingo,NG,2022-02-06 19:13:18,8.8833,11.3667,80.2,15,2,6.2,clear sky
78,Severo-Kurilsk,RU,2022-02-06 19:08:58,50.6789,156.125,29.68,83,100,14.97,overcast clouds
79,Tafalla,ES,2022-02-06 19:13:18,42.5269,-1.6745,45.55,79,21,8.86,few clouds
80,Cabo San Lucas,MX,2022-02-06 19:11:37,22.8909,-109.9124,76.6,64,20,5.99,few clouds
81,San Javier,ES,2022-02-06 19:13:19,37.8063,-0.8374,57.22,83,0,1.01,clear sky
82,Lubango,AO,2022-02-06 19:13:19,-14.9172,13.4925,62.55,54,100,4.05,overcast clouds
83,Moussoro,TD,2022-02-06 19:13:20,13.6408,16.4901,71.11,9,0,11.9,clear sky
84,Lingao,CN,2022-02-06 19:13:20,19.9103,109.6859,66.67,92,99,10.31,overcast clouds
85,Bafq,IR,2022-02-06 19:13:21,31.6128,55.4107,49.24,26,0,4.43,clear sky
86,Kyshtovka,RU,2022-02-06 19:13:21,56.555,76.6271,2.82,90,100,4.74,overcast clouds
87,Luderitz,NA,2022-02-06 19:13:22,-26.6481,15.1594,68.31,75,11,4.7,few clouds
88,Puerto Escondido,MX,2022-02-06 19:13:22,15.85,-97.0667,86.83,70,0,11.5,clear sky
89,Cockburn Town,TC,2022-02-06 19:13:05,21.4612,-71.1419,75.69,67,2,14.7,clear sky
90,Hearst,CA,2022-02-06 19:14:23,49.6835,-83.6665,16.38,91,100,6.78,light snow
91,Thompson,CA,2022-02-06 19:12:39,55.7435,-97.8558,-5.15,81,6,6.85,clear sky
92,Codrington,AU,2022-02-06 19:14:23,-38.2667,141.9667,57.51,77,0,9.08,clear sky
93,Saint George,US,2022-02-06 19:14:24,37.1041,-113.5841,59.47,23,0,1.01,clear sky
94,Benghazi,LY,2022-02-06 19:14:24,32.1167,20.0667,61.38,65,100,3.89,overcast clouds
95,Georgetown,MY,2022-02-06 19:12:33,5.4112,100.3354,78.73,91,40,0.0,scattered clouds
96,Micheweni,TZ,2022-02-06 19:14:25,-4.9667,39.8333,80.4,83,100,4.09,overcast clouds
97,Jalu,LY,2022-02-06 19:13:49,29.0331,21.5482,60.94,28,6,4.76,clear sky
98,Kruisfontein,ZA,2022-02-06 19:14:25,-34.0033,24.7314,75.88,58,100,14.34,overcast clouds
99,Ratnagiri,IN,2022-02-06 19:14:26,16.9833,73.3,71.08,79,74,4.94,broken clouds
100,Darnah,LY,2022-02-06 19:14:26,32.767,22.6367,58.73,67,97,8.59,overcast clouds
101,Tuktoyaktuk,CA,2022-02-06 19:14:27,69.4541,-133.0374,-17.39,100,100,10.63,overcast clouds
102,Havoysund,NO,2022-02-06 19:14:27,70.9963,24.6622,27.48,72,3,26.04,clear sky
103,Arona,ES,2022-02-06 19:14:28,28.0996,-16.681,63.91,58,0,1.99,clear sky
104,Beringovskiy,RU,2022-02-06 19:14:28,63.05,179.3167,-18.35,98,46,7.49,scattered clouds
105,Quatre Cocos,MU,2022-02-06 19:13:22,-20.2078,57.7625,79.09,82,98,11.59,overcast clouds
106,Bowen,AU,2022-02-06 19:14:29,-20.0167,148.2333,73.69,81,76,12.41,broken clouds
107,Najran,SA,2022-02-06 19:14:29,17.4924,44.1277,60.28,42,9,4.32,clear sky
108,Shingu,JP,2022-02-06 19:14:30,33.7333,135.9833,38.91,73,33,6.02,scattered clouds
109,Great Bend,US,2022-02-06 19:14:30,38.3645,-98.7648,50.88,49,0,18.41,clear sky
110,Pevek,RU,2022-02-06 19:14:31,69.7008,170.3133,-24.34,99,33,1.05,scattered clouds
111,Barrow,US,2022-02-06 19:14:31,71.2906,-156.7887,-23.78,69,20,13.8,haze
112,Roma,US,2022-02-06 19:10:44,43.2128,-75.4557,31.68,52,0,10.36,clear sky
113,Bayonet Point,US,2022-02-06 19:12:03,28.3267,-82.6834,64.35,95,100,1.01,overcast clouds
114,Aldan,RU,2022-02-06 19:13:53,58.6031,125.3894,-16.26,92,18,5.1,few clouds
115,Qaanaaq,GL,2022-02-06 19:14:32,77.484,-69.3632,-12.6,58,32,8.34,scattered clouds
116,Maku,IR,2022-02-06 19:14:33,39.2911,44.4521,18.19,75,56,6.91,broken clouds
117,San Patricio,US,2022-02-06 19:14:33,28.017,-97.5169,64.38,60,6,5.26,clear sky
118,Rudnaya Pristan,RU,2022-02-06 19:14:34,44.3614,135.8116,9.82,65,32,11.12,scattered clouds
119,Chekhov,RU,2022-02-06 19:14:34,55.1431,37.4711,22.95,98,54,5.53,broken clouds
120,Butaritari,KI,2022-02-06 19:14:34,3.0707,172.7902,81.39,77,34,15.23,light rain
121,Bredasdorp,ZA,2022-02-06 19:13:53,-34.5322,20.0403,66.27,66,0,3.91,clear sky
122,Padang,ID,2022-02-06 19:14:35,-0.9492,100.3543,77.04,75,100,3.47,overcast clouds
123,Provideniya,RU,2022-02-06 19:10:15,64.3833,-173.3,-5.57,84,2,4.03,clear sky
124,Mahebourg,MU,2022-02-06 19:14:36,-20.4081,57.7,79.25,89,40,9.22,scattered clouds
125,Grenada,ES,2022-02-06 19:14:03,37.1882,-3.6067,53.91,68,20,8.05,few clouds
126,Komsomolskiy,UZ,2022-02-06 19:14:37,40.4272,71.7189,39.92,87,75,4.61,broken clouds
127,Dwarka,IN,2022-02-06 19:13:22,22.2394,68.9678,69.19,61,5,7.34,clear sky
128,Yerofey Pavlovich,RU,2022-02-06 19:14:38,53.9667,121.9667,-7.53,92,99,2.35,overcast clouds
129,Yar-Sale,RU,2022-02-06 19:14:38,66.8333,70.8333,-12.24,100,88,7.63,overcast clouds
130,Eureka,US,2022-02-06 19:09:57,40.8021,-124.1637,62.2,73,9,1.99,clear sky
131,Mount Isa,AU,2022-02-06 19:14:39,-20.7333,139.5,76.77,65,75,5.75,broken clouds
132,Poum,NC,2022-02-06 19:14:40,-20.2333,164.0167,80.08,83,100,9.98,overcast clouds
133,Aksha,RU,2022-02-06 19:14:40,50.2814,113.2867,3.16,95,53,4.94,broken clouds
134,Bad Freienwalde,DE,2022-02-06 19:14:41,52.7873,14.0304,42.33,92,100,8.99,overcast clouds
135,Pacific Grove,US,2022-02-06 19:14:41,36.6177,-121.9166,67.1,50,0,3.0,clear sky
136,Bambous Virieux,MU,2022-02-06 19:14:42,-20.3428,57.7575,79.21,89,40,9.22,scattered clouds
137,Dubai,AE,2022-02-06 19:15:24,25.2582,55.3047,71.22,56,20,11.5,few clouds
138,Porto Walter,BR,2022-02-06 19:11:15,-8.2686,-72.7439,88.29,58,100,3.62,overcast clouds
139,Hervey Bay,AU,2022-02-06 19:15:43,-25.2986,152.8535,66.04,93,18,11.01,light rain
140,La Ronge,CA,2022-02-06 19:15:43,55.1001,-105.2842,3.45,78,100,10.36,overcast clouds
141,Stykkisholmur,IS,2022-02-06 19:15:44,65.0757,-22.7297,22.71,84,92,12.01,overcast clouds
142,Cherskiy,RU,2022-02-06 19:15:02,68.75,161.3,-31.16,100,24,1.1,few clouds
143,Bulawayo,ZW,2022-02-06 19:15:44,-20.15,28.5833,63.66,69,34,7.78,scattered clouds
144,Naron,ES,2022-02-06 19:15:45,43.5167,-8.1528,54.01,83,96,2.46,overcast clouds
145,Kapuskasing,CA,2022-02-06 19:11:12,49.4169,-82.4331,15.89,79,100,5.75,overcast clouds
146,Peniche,PT,2022-02-06 19:15:45,39.3558,-9.3811,58.62,69,21,14.99,few clouds
147,Umm Lajj,SA,2022-02-06 19:15:46,25.0213,37.2685,67.28,49,0,19.57,clear sky
148,Coahuayana,MX,2022-02-06 19:15:47,18.7333,-103.6833,87.28,30,5,7.61,clear sky
149,Lakes Entrance,AU,2022-02-06 19:15:47,-37.8811,147.981,52.57,91,8,5.59,clear sky
150,Pimentel,PE,2022-02-06 19:15:48,-6.8367,-79.9342,79.09,57,20,12.66,few clouds
151,Lucapa,AO,2022-02-06 19:15:48,-8.4192,20.7447,66.4,94,84,3.06,light rain
152,Beloha,MG,2022-02-06 19:15:48,-25.1667,45.05,74.12,94,100,19.26,moderate rain
153,Mattru,SL,2022-02-06 19:15:49,7.6244,-11.8332,82.8,62,6,8.79,clear sky
154,Mecca,SA,2022-02-06 19:15:42,21.4267,39.8261,69.15,39,5,6.04,clear sky
155,Ugoofaaru,MV,2022-02-06 19:15:50,5.6667,73.0,81.19,67,68,10.2,broken clouds
156,Kaitangata,NZ,2022-02-06 19:15:50,-46.2817,169.8464,47.93,75,10,1.45,clear sky
157,Kihei,US,2022-02-06 19:15:51,20.785,-156.4656,76.84,74,20,14.97,few clouds
158,Mackay,AU,2022-02-06 19:13:12,-21.15,149.2,74.68,66,86,18.95,overcast clouds
159,Alice Springs,AU,2022-02-06 19:12:48,-23.7,133.8833,58.55,94,0,6.91,clear sky
160,Valencia,ES,2022-02-06 19:13:55,39.3333,-0.8333,51.03,85,68,3.2,broken clouds
161,Talnakh,RU,2022-02-06 19:15:52,69.4865,88.3972,-26.18,98,52,2.53,broken clouds
162,Berlevag,NO,2022-02-06 19:15:06,70.8578,29.0864,21.09,85,41,18.01,scattered clouds
163,Lufilufi,WS,2022-02-06 19:15:53,-13.8745,-171.5986,78.58,80,100,18.63,light rain
164,Senneterre,CA,2022-02-06 19:15:53,48.3835,-77.2328,14.22,90,100,11.18,light snow
165,Khatanga,RU,2022-02-06 19:15:15,71.9667,102.5,-18.33,98,99,8.61,overcast clouds
166,Marienburg,PL,2022-02-06 19:15:54,54.0359,19.0266,42.12,96,100,20.11,light rain
167,Tessalit,ML,2022-02-06 19:11:22,20.1986,1.0114,70.7,10,0,6.76,clear sky
168,Chara,RU,2022-02-06 19:15:54,56.9064,118.2631,-5.4,85,100,2.13,overcast clouds
169,Shelburne,CA,2022-02-06 19:15:55,44.0787,-80.2041,28.67,75,88,18.59,overcast clouds
170,Pisco,PE,2022-02-06 19:15:56,-13.7,-76.2167,72.01,88,20,9.22,mist
171,Raudeberg,NO,2022-02-06 19:15:56,61.9875,5.1352,38.86,87,87,1.01,overcast clouds
172,Acapulco,MX,2022-02-06 19:15:16,16.8634,-99.8901,85.82,58,0,6.91,clear sky
173,Ribeira Grande,PT,2022-02-06 19:15:57,38.5167,-28.7,63.0,77,75,9.22,broken clouds
174,Chapleau,CA,2022-02-06 19:15:24,47.8405,-83.4034,21.29,79,100,6.91,overcast clouds
175,Havre-Saint-Pierre,CA,2022-02-06 19:15:58,50.2334,-63.5986,5.59,46,0,17.27,clear sky
176,Salalah,OM,2022-02-06 19:15:59,17.0151,54.0924,75.29,78,0,3.44,clear sky
177,Ancud,CL,2022-02-06 19:15:59,-41.8697,-73.8203,75.22,66,10,6.38,clear sky
178,Fortuna,US,2022-02-06 19:15:59,40.5982,-124.1573,61.93,62,0,1.99,clear sky
179,Cidreira,BR,2022-02-06 19:16:00,-30.1811,-50.2056,81.25,51,0,11.86,clear sky
180,Kostino,RU,2022-02-06 19:16:01,58.9097,53.2691,18.1,95,100,6.02,overcast clouds
181,Lebu,CL,2022-02-06 19:16:01,-37.6167,-73.65,66.25,64,0,13.42,clear sky
182,North Bend,US,2022-02-06 19:17:02,43.4065,-124.2243,59.16,77,0,8.05,clear sky
183,Nikolskoye,RU,2022-02-06 19:15:36,59.7035,30.7861,35.87,94,100,12.28,light snow
184,Saskylakh,RU,2022-02-06 19:12:26,71.9167,114.0833,-24.65,100,95,1.61,overcast clouds
185,Dikson,RU,2022-02-06 19:17:03,73.5069,80.5464,-20.54,99,94,9.64,overcast clouds
186,Bethel,US,2022-02-06 19:13:45,41.3712,-73.414,29.71,56,0,9.22,clear sky
187,Ourinhos,BR,2022-02-06 19:17:04,-22.9789,-49.8706,78.28,84,97,5.39,overcast clouds
188,Goksun,TR,2022-02-06 19:17:04,38.021,36.4973,29.35,87,5,4.05,clear sky
189,Kawalu,ID,2022-02-06 19:17:04,-7.3817,108.2082,73.31,95,100,3.4,overcast clouds
190,Sturgis,US,2022-02-06 19:17:05,41.7992,-85.4192,33.67,64,0,12.66,clear sky
191,Barcelona,ES,2022-02-06 19:15:08,41.3888,2.159,54.97,54,20,1.99,few clouds
192,Altay,CN,2022-02-06 19:17:06,47.8667,88.1167,8.44,46,10,10.09,clear sky
193,Bubaque,GW,2022-02-06 19:17:07,11.2833,-15.8333,77.77,71,1,15.82,clear sky
194,Umea,SE,2022-02-06 19:17:07,63.8284,20.2597,31.93,93,100,5.75,overcast clouds
195,Srednekolymsk,RU,2022-02-06 19:17:08,67.45,153.6833,-36.83,100,58,1.28,broken clouds
196,Lorengau,PG,2022-02-06 19:16:36,-2.0226,147.2712,81.01,79,100,7.58,overcast clouds
197,Hirara,JP,2022-02-06 19:17:08,24.8,125.2833,64.53,65,43,17.36,scattered clouds
198,Valparaiso,CL,2022-02-06 19:17:09,-33.0393,-71.6273,69.44,79,75,6.91,broken clouds
199,Tongliao,CN,2022-02-06 19:17:09,43.6125,122.2653,0.84,87,5,7.0,clear sky
200,Anadyr,RU,2022-02-06 19:17:07,64.75,177.4833,-17.9,83,0,11.18,clear sky
201,Cao Bang,VN,2022-02-06 19:17:10,22.6667,106.25,54.18,99,100,0.22,overcast clouds
202,Douala,CM,2022-02-06 19:14:20,4.0483,9.7043,80.94,76,3,7.23,clear sky
203,Am Timan,TD,2022-02-06 19:17:10,11.0297,20.2827,78.73,15,5,6.24,clear sky
204,Hithadhoo,MV,2022-02-06 19:17:11,-0.6,73.0833,82.47,73,32,12.55,scattered clouds
205,Pemangkat,ID,2022-02-06 19:17:11,1.1667,108.9667,77.2,91,96,5.39,overcast clouds
206,Torbay,CA,2022-02-06 19:13:52,47.6666,-52.7314,15.89,81,75,14.97,broken clouds
207,Sitka,US,2022-02-06 19:17:12,57.0531,-135.33,44.49,81,100,23.02,moderate rain
208,Mayor Pablo Lagerenza,PY,2022-02-06 19:17:12,-19.9309,-60.7718,98.76,19,38,13.47,scattered clouds
209,Nagyhegyes,HU,2022-02-06 19:17:13,47.5395,21.3444,39.34,69,100,15.73,overcast clouds
210,Ponta Do Sol,PT,2022-02-06 19:17:13,32.6667,-17.1,64.71,66,6,10.54,clear sky
211,High Level,CA,2022-02-06 19:17:14,58.5169,-117.136,34.23,85,28,5.82,scattered clouds
212,Zavetnoye,RU,2022-02-06 19:17:15,47.1194,43.8903,31.39,99,100,2.98,snow
213,Nome,US,2022-02-06 19:17:15,64.5011,-165.4064,-0.33,55,0,5.75,clear sky
214,Belyy Yar,RU,2022-02-06 19:17:15,53.6039,91.3903,-4.11,84,100,4.47,fog
215,Kysyl-Syr,RU,2022-02-06 19:17:16,63.8986,122.7617,-21.91,99,100,7.23,overcast clouds
216,Oranjemund,NA,2022-02-06 19:17:16,-28.55,16.4333,67.06,71,52,8.1,broken clouds
217,Pangnirtung,CA,2022-02-06 19:17:17,66.1451,-65.7125,-31.0,68,75,0.0,broken clouds
218,Kavieng,PG,2022-02-06 19:17:17,-2.5744,150.7967,81.16,77,82,3.47,broken clouds
219,Cayenne,GF,2022-02-06 19:17:18,4.9333,-52.3333,81.09,85,75,3.0,light rain
220,Ocampo,MX,2022-02-06 19:17:18,21.65,-101.5,69.28,24,0,15.93,clear sky
221,Airai,TL,2022-02-06 19:16:05,-8.9266,125.4092,60.82,89,92,1.16,overcast clouds
222,Leningradskiy,RU,2022-02-06 19:12:41,69.3833,178.4167,-22.76,98,28,6.62,scattered clouds
223,Chokurdakh,RU,2022-02-06 19:17:19,70.6333,147.9167,-39.37,100,87,2.51,overcast clouds
224,Norman Wells,CA,2022-02-06 19:15:40,65.282,-126.8329,-14.76,70,75,16.11,broken clouds
225,Souillac,MU,2022-02-06 19:17:20,-20.5167,57.5167,79.36,89,40,9.22,scattered clouds
226,Les Cayes,HT,2022-02-06 19:17:20,18.2,-73.75,82.71,53,2,10.11,clear sky
227,Atherton,GB,2022-02-06 19:17:21,53.5237,-2.4935,43.11,80,100,11.99,overcast clouds
228,Sambava,MG,2022-02-06 19:17:18,-14.2667,50.1667,76.15,89,60,6.58,broken clouds
229,Yeniseysk,RU,2022-02-06 19:18:22,58.4497,92.1703,6.69,98,100,2.71,overcast clouds
230,Saint-Pierre,RE,2022-02-06 19:18:22,-21.3393,55.4781,80.24,78,0,4.61,clear sky
231,Ixhuatan,MX,2022-02-06 19:18:23,16.3569,-94.4825,87.6,37,6,6.6,clear sky
232,Nouadhibou,MR,2022-02-06 19:18:07,20.931,-17.0347,67.98,88,5,14.97,clear sky
233,Mount Gambier,AU,2022-02-06 19:18:23,-37.8333,140.7667,59.36,63,0,5.23,clear sky
234,Port Elizabeth,ZA,2022-02-06 19:15:21,-33.918,25.5701,78.1,83,0,14.97,clear sky
235,Macamic,CA,2022-02-06 19:18:24,48.7502,-78.9996,16.03,92,100,10.07,snow
236,Sinnamary,GF,2022-02-06 19:18:24,5.3833,-52.95,81.88,75,100,9.33,light rain
237,Prince Rupert,CA,2022-02-06 19:17:24,54.3161,-130.3201,46.49,76,100,21.85,overcast clouds
238,Chapais,CA,2022-02-06 19:17:46,49.7834,-74.8492,6.58,93,100,10.71,light snow
239,Bathsheba,BB,2022-02-06 19:17:59,13.2167,-59.5167,83.01,65,40,18.41,scattered clouds
240,Bara,NG,2022-02-06 19:18:26,10.3744,10.7288,75.04,19,2,7.67,clear sky
241,Tubmanburg,LR,2022-02-06 19:18:26,6.8708,-10.8172,80.78,72,4,7.58,clear sky
242,Ajdabiya,LY,2022-02-06 19:18:27,30.7554,20.2263,58.37,53,100,0.69,overcast clouds
243,Guerrero Negro,MX,2022-02-06 19:18:27,27.9769,-114.0611,66.49,26,0,4.5,clear sky
244,Soyo,AO,2022-02-06 19:18:28,-6.1349,12.3689,78.03,83,29,9.95,scattered clouds
245,Saldanha,ZA,2022-02-06 19:15:54,-33.0117,17.9442,63.9,95,38,8.63,scattered clouds
246,Namatanai,PG,2022-02-06 19:17:57,-3.6667,152.4333,79.36,79,19,3.33,few clouds
247,Inirida,CO,2022-02-06 19:18:29,3.8653,-67.9239,86.18,62,100,3.49,overcast clouds
248,Greymouth,NZ,2022-02-06 19:18:29,-42.4667,171.2,54.45,69,100,9.8,overcast clouds
249,Nebolchi,RU,2022-02-06 19:18:30,59.1239,33.3454,30.15,91,100,10.89,overcast clouds
250,Malko Tarnovo,BG,2022-02-06 19:18:30,41.9833,27.5333,39.13,79,0,8.05,clear sky
251,Tuatapere,NZ,2022-02-06 19:18:30,-46.1333,167.6833,44.82,84,5,3.0,clear sky
252,Kondinskoye,RU,2022-02-06 19:18:31,59.6481,67.41,12.51,95,100,9.57,overcast clouds
253,Krasnogorskoye,RU,2022-02-06 19:18:31,52.2953,86.1979,-2.61,99,11,3.47,few clouds
254,Tambopata,PE,2022-02-06 19:18:32,-12.7333,-69.1833,69.69,94,100,9.22,heavy intensity rain
255,Aksarka,RU,2022-02-06 19:18:32,66.5606,67.7975,-17.27,100,87,6.53,overcast clouds
256,Shelbyville,US,2022-02-06 19:18:33,35.4834,-86.4603,51.46,46,0,3.0,clear sky
257,Westport,US,2022-02-06 19:13:54,41.1415,-73.3579,31.44,59,0,1.01,clear sky
258,Honningsvag,NO,2022-02-06 19:18:34,70.9821,25.9704,28.35,75,26,30.0,scattered clouds
259,Sao Felix Do Xingu,BR,2022-02-06 19:17:45,-6.6447,-51.995,84.9,68,100,3.29,overcast clouds
260,Lavrentiya,RU,2022-02-06 19:14:46,65.5833,-171.0,-12.37,93,5,6.89,clear sky
261,Richards Bay,ZA,2022-02-06 19:13:47,-28.783,32.0377,72.01,91,28,4.65,moderate rain
262,Itoman,JP,2022-02-06 19:18:35,26.1247,127.6694,59.02,62,75,9.22,broken clouds
263,Calbuco,CL,2022-02-06 19:18:35,-41.768,-73.1273,70.81,73,13,8.3,few clouds
264,Saint Anthony,US,2022-02-06 19:16:45,45.0205,-93.218,21.83,71,100,5.01,haze
265,Sisimiut,GL,2022-02-06 19:18:36,66.9395,-53.6735,0.61,95,100,10.74,overcast clouds
266,Lukang,TW,2022-02-06 19:18:36,24.0567,120.4352,61.43,86,5,9.19,clear sky
267,Rio Tercero,AR,2022-02-06 19:18:37,-32.173,-64.1141,81.45,14,0,8.37,clear sky
268,Xinzhou,CN,2022-02-06 19:18:38,38.4092,112.7333,27.63,29,100,2.53,overcast clouds
269,Shadegan,IR,2022-02-06 19:18:38,30.6497,48.6647,57.11,42,0,9.93,clear sky
270,Dori,BF,2022-02-06 19:18:39,14.0354,-0.0345,77.56,11,0,8.99,clear sky
271,Taikang,CN,2022-02-06 19:19:39,46.8333,124.4167,2.84,87,100,6.15,overcast clouds
272,Inuvik,CA,2022-02-06 19:19:40,68.3499,-133.7218,-18.36,76,100,8.05,light snow
273,Santa Marta,CO,2022-02-06 19:19:40,11.2408,-74.199,97.34,58,20,4.61,few clouds
274,Dossor,KZ,2022-02-06 19:19:41,47.5272,52.9811,24.75,90,86,9.62,overcast clouds
275,Sitangkai,PH,2022-02-06 19:19:41,4.6628,119.3928,80.64,78,82,7.83,broken clouds
276,Korla,CN,2022-02-06 19:19:08,41.7597,86.1469,23.95,46,8,5.08,clear sky
277,Haslett,US,2022-02-06 19:19:42,42.747,-84.4011,34.95,62,100,14.97,overcast clouds
278,Geraldton,AU,2022-02-06 19:15:37,-28.7667,114.6,70.21,56,100,12.66,overcast clouds
279,Tucurui,BR,2022-02-06 19:19:42,-3.7661,-49.6725,83.41,79,100,2.44,overcast clouds
280,Henties Bay,NA,2022-02-06 19:14:58,-22.116,14.2845,69.85,80,79,9.53,broken clouds
281,Chazuta,PE,2022-02-06 19:19:43,-6.5742,-76.1367,92.25,85,100,1.16,overcast clouds
282,Byron Bay,AU,2022-02-06 19:17:10,-28.65,153.6167,66.87,76,100,15.01,light rain
283,Eyl,SO,2022-02-06 19:16:21,7.9803,49.8164,75.09,71,100,16.4,overcast clouds
284,Nogliki,RU,2022-02-06 19:19:44,51.8333,143.1667,5.85,85,100,14.79,overcast clouds
285,San Quintin,MX,2022-02-06 19:19:44,30.4833,-115.95,64.2,27,0,4.54,clear sky
286,Half Moon Bay,US,2022-02-06 19:15:24,37.4636,-122.4286,66.07,56,0,11.5,clear sky
287,Basco,PH,2022-02-06 19:19:45,20.4487,121.9702,72.97,70,100,26.78,overcast clouds
288,Asfi,MA,2022-02-06 19:19:17,32.2994,-9.2372,60.31,75,11,15.82,few clouds
289,Sabang,ID,2022-02-06 19:19:45,5.8933,95.3214,77.0,89,100,15.39,overcast clouds
290,Lewiston,US,2022-02-06 19:15:45,44.1003,-70.2148,22.71,51,0,10.36,clear sky
291,Paamiut,GL,2022-02-06 19:19:46,61.994,-49.6678,6.69,76,100,11.52,overcast clouds
292,Kathu,TH,2022-02-06 19:19:46,7.9178,98.3332,78.62,79,31,9.22,scattered clouds
293,Malakal,SS,2022-02-06 19:19:01,9.5334,31.6605,77.29,14,59,9.69,broken clouds
294,Ostrovnoy,RU,2022-02-06 19:15:13,68.0531,39.5131,13.96,86,98,22.37,overcast clouds
295,Neiafu,TO,2022-02-06 19:19:47,-18.65,-173.9833,79.48,94,100,4.61,light rain
296,Xai-Xai,MZ,2022-02-06 19:19:48,-25.0519,33.6442,76.84,80,16,15.61,light rain
297,Clyde River,CA,2022-02-06 19:16:32,70.4692,-68.5914,-32.57,68,0,8.05,clear sky
298,Portlethen,GB,2022-02-06 19:19:48,57.0547,-2.1307,38.48,67,20,7.0,few clouds
299,Paulista,BR,2022-02-06 19:19:49,-7.9408,-34.8731,84.06,57,23,10.54,few clouds
300,Necochea,AR,2022-02-06 19:19:49,-38.5473,-58.7368,64.04,72,98,19.73,overcast clouds
301,Terrace,CA,2022-02-06 19:19:50,54.5163,-128.6035,42.42,87,75,21.85,broken clouds
302,Lithakia,GR,2022-02-06 19:19:50,37.7167,20.8333,56.59,86,38,7.52,scattered clouds
303,Estelle,US,2022-02-06 19:19:51,29.8458,-90.1067,57.06,39,0,5.75,clear sky
304,Rocha,UY,2022-02-06 19:19:51,-34.4833,-54.3333,71.35,44,0,19.66,clear sky
305,Nalut,LY,2022-02-06 19:19:51,30.3333,10.85,61.83,17,100,10.58,overcast clouds
306,Rosetta,EG,2022-02-06 19:19:52,31.4044,30.4164,56.79,67,0,7.18,clear sky
307,Merritt Island,US,2022-02-06 19:17:25,28.5392,-80.672,72.01,78,100,8.05,overcast clouds
308,Griffith,US,2022-02-06 19:19:52,41.5284,-87.4237,35.04,69,0,7.0,clear sky
309,Ribeira Brava,PT,2022-02-06 19:19:53,32.65,-17.0667,64.71,69,7,11.52,clear sky
310,Vila Velha,BR,2022-02-06 19:19:53,-20.3297,-40.2925,82.35,82,40,7.0,scattered clouds
311,Ginir,ET,2022-02-06 19:19:54,7.1333,40.7,61.03,21,74,4.9,broken clouds
312,Chake Chake,TZ,2022-02-06 19:19:54,-5.2459,39.7666,79.56,83,100,5.37,overcast clouds
313,Chistogorskiy,RU,2022-02-06 19:19:55,53.9835,87.3843,-0.99,99,85,1.03,overcast clouds
314,Mercedes,AR,2022-02-06 19:19:55,-34.6515,-59.4307,73.78,42,61,16.49,broken clouds
315,Kimbe,PG,2022-02-06 19:19:56,-5.5502,150.1429,76.57,92,28,1.83,scattered clouds
316,Kavaratti,IN,2022-02-06 19:19:56,10.5669,72.642,78.3,68,62,10.71,broken clouds
317,Srandakan,ID,2022-02-06 19:19:57,-7.9386,110.2506,76.14,88,100,4.7,overcast clouds
318,Yumen,CN,2022-02-06 19:19:57,40.2833,97.2,12.67,88,11,14.09,few clouds
319,Iwanai,JP,2022-02-06 19:20:58,42.9744,140.5089,24.94,79,100,7.76,light snow
320,Darhan,MN,2022-02-06 19:20:58,49.4867,105.9228,-3.82,92,23,5.82,few clouds
321,Warrnambool,AU,2022-02-06 19:20:59,-38.3833,142.4833,59.81,81,0,10.78,clear sky
322,Alofi,NU,2022-02-06 19:20:59,-19.0595,-169.9187,75.09,94,100,11.5,overcast clouds
323,Sorland,NO,2022-02-06 19:20:59,67.667,12.6934,35.46,62,100,17.34,overcast clouds
324,Maceio,BR,2022-02-06 19:21:00,-9.6658,-35.7353,87.24,54,0,17.27,clear sky
325,Baruun-Urt,MN,2022-02-06 19:21:00,46.6806,113.2792,-0.67,88,10,6.55,clear sky
326,Kalmunai,LK,2022-02-06 19:21:01,7.4167,81.8167,75.9,81,100,7.29,overcast clouds
327,Sakaiminato,JP,2022-02-06 19:20:06,35.55,133.2333,35.58,80,75,11.5,broken clouds
328,Niltepec,MX,2022-02-06 19:21:02,16.5667,-94.6167,81.05,48,13,10.89,few clouds
329,Cairns,AU,2022-02-06 19:19:17,-16.9167,145.7667,75.15,88,40,11.5,scattered clouds
330,Namibe,AO,2022-02-06 19:21:03,-15.1961,12.1522,75.06,69,100,13.47,overcast clouds
331,Cagliliog,PH,2022-02-06 19:21:03,13.9016,123.2913,75.51,88,92,11.3,overcast clouds
332,Beruwala,LK,2022-02-06 19:21:04,6.4788,79.9828,76.6,76,100,3.27,overcast clouds
333,Elizabeth City,US,2022-02-06 19:17:28,36.2946,-76.2511,43.02,71,100,1.01,overcast clouds
334,Te Anau,NZ,2022-02-06 19:19:14,-45.4167,167.7167,41.56,88,15,1.14,few clouds
335,Shiraz,IR,2022-02-06 19:17:59,29.6036,52.5388,44.04,42,0,0.0,clear sky
336,Lyngseidet,NO,2022-02-06 19:21:05,69.5763,20.2189,30.29,82,100,18.23,overcast clouds
337,Belgrade,RS,2022-02-06 19:18:21,44.804,20.4651,46.06,56,0,8.05,clear sky
338,Nishihara,JP,2022-02-06 19:21:05,26.1842,127.7558,58.28,65,75,4.61,broken clouds
339,Samarai,PG,2022-02-06 19:21:06,-10.6167,150.6667,81.55,78,100,10.76,light rain
340,Kita,ML,2022-02-06 19:21:06,13.0349,-9.4895,83.93,8,5,4.61,clear sky
341,Yarmouth,US,2022-02-06 19:21:06,41.7057,-70.2286,32.25,58,40,0.0,scattered clouds
342,Camana,PE,2022-02-06 19:21:07,-16.6228,-72.7111,75.09,68,73,7.43,broken clouds
343,Sept-Iles,CA,2022-02-06 19:21:07,50.2001,-66.3821,5.43,59,40,7.0,scattered clouds
344,Dali,CN,2022-02-06 19:21:08,25.7,100.1833,36.09,90,14,4.83,few clouds
345,Kirakira,SB,2022-02-06 19:21:08,-10.4544,161.9205,80.85,86,99,7.78,overcast clouds
346,San Cristobal,VE,2022-02-06 19:21:09,7.7669,-72.225,79.99,50,62,4.85,broken clouds
347,Termiz,UZ,2022-02-06 19:21:09,37.2242,67.2783,39.29,81,0,2.3,clear sky
348,Merauke,ID,2022-02-06 19:21:09,-8.4667,140.3333,80.06,84,100,8.32,overcast clouds
349,Broken Hill,AU,2022-02-06 19:21:10,-31.95,141.4333,70.09,40,3,13.4,clear sky
350,Ishigaki,JP,2022-02-06 19:21:10,24.3448,124.1572,65.41,69,100,16.71,overcast clouds
351,Jalcocotan,MX,2022-02-06 19:21:11,21.4667,-105.1167,84.81,46,17,5.93,few clouds
352,Svobodnyy,RU,2022-02-06 19:21:11,51.4,128.1333,-12.89,98,100,1.16,overcast clouds
353,Hailar,CN,2022-02-06 19:21:12,49.2,119.7,-10.12,100,97,6.55,overcast clouds
354,Mantua,IT,2022-02-06 19:21:13,45.1667,10.7833,46.81,87,96,3.0,overcast clouds
355,Kristiansund,NO,2022-02-06 19:21:13,63.1115,7.732,36.25,80,75,17.27,broken clouds
356,Saurimo,AO,2022-02-06 19:21:13,-9.6608,20.3916,66.25,92,46,5.14,scattered clouds
357,Atar,MR,2022-02-06 19:21:14,20.5169,-13.0499,80.96,8,0,8.86,clear sky
358,Bourbonnais,US,2022-02-06 19:21:15,41.1417,-87.875,33.19,80,0,11.5,clear sky
359,Palafrugell,ES,2022-02-06 19:16:25,41.9174,3.1631,52.36,52,68,3.0,broken clouds
360,Kozan,TR,2022-02-06 19:21:15,37.4552,35.8157,41.9,67,2,7.9,clear sky
361,Inhambane,MZ,2022-02-06 19:17:35,-23.865,35.3833,78.03,76,24,15.21,few clouds
362,Barranca,PE,2022-02-06 19:21:16,-10.75,-77.7667,74.3,66,100,10.58,overcast clouds
363,Swan Hill,AU,2022-02-06 19:21:17,-35.3378,143.5544,65.88,45,7,9.8,clear sky
364,Bahia Blanca,AR,2022-02-06 19:17:16,-38.7196,-62.2724,70.92,51,6,11.52,clear sky
365,Winslow,US,2022-02-06 19:20:16,35.0242,-110.6974,45.97,23,0,1.99,clear sky
366,Killin,US,2022-02-06 19:22:18,33.6123,-91.7412,50.09,40,0,0.0,clear sky
367,Acajutla,SV,2022-02-06 19:22:18,13.5928,-89.8275,86.94,48,20,10.85,few clouds
368,Burlington,US,2022-02-06 19:22:06,39.8835,-74.6413,37.96,46,0,5.99,clear sky
369,Dhaka,BD,2022-02-06 19:22:19,23.7104,90.4074,64.38,72,40,0.0,haze
370,Casa Branca,BR,2022-02-06 19:22:19,-21.7739,-47.0864,76.03,88,100,4.12,overcast clouds
371,Olafsvik,IS,2022-02-06 19:22:20,64.8945,-23.7142,28.08,70,100,16.98,overcast clouds
372,Tahara,JP,2022-02-06 19:22:20,34.6667,137.2667,37.35,68,34,14.76,scattered clouds
373,Mariental,NA,2022-02-06 19:22:21,-24.6333,17.9667,83.89,34,100,4.32,overcast clouds
374,Makakilo City,US,2022-02-06 19:20:06,21.3469,-158.0858,77.32,72,0,3.44,light rain
375,Isangel,VU,2022-02-06 19:22:21,-19.55,169.2667,77.11,94,100,0.0,light rain
376,Kalush,UA,2022-02-06 19:22:22,49.0119,24.3731,38.12,64,100,19.91,overcast clouds
377,Shamary,RU,2022-02-06 19:22:22,57.3434,58.2199,16.21,85,100,10.38,overcast clouds
378,Hualmay,PE,2022-02-06 19:22:23,-11.0964,-77.6139,74.75,68,70,10.58,broken clouds
379,Lasa,IT,2022-02-06 19:18:49,46.6166,10.7002,40.46,67,100,4.97,overcast clouds
380,Xining,CN,2022-02-06 19:22:23,36.6167,101.7667,9.14,93,62,1.19,broken clouds
381,Atasu,KZ,2022-02-06 19:22:24,48.6814,71.6433,12.51,80,100,10.78,overcast clouds
382,Longyearbyen,SJ,2022-02-06 19:22:24,78.2186,15.6401,19.24,63,20,11.5,few clouds
383,Fengrun,CN,2022-02-06 19:22:24,39.8333,118.1167,26.83,35,66,1.16,broken clouds
384,General Pico,AR,2022-02-06 19:22:25,-35.6566,-63.7568,78.57,19,0,8.1,clear sky
385,Tongchuan,CN,2022-02-06 19:22:25,35.0806,109.0897,22.28,89,100,5.17,overcast clouds
386,Grindavik,IS,2022-02-06 19:22:26,63.8424,-22.4338,27.07,74,100,11.5,overcast clouds
387,Coquimbo,CL,2022-02-06 19:22:26,-29.9533,-71.3436,69.53,68,75,13.8,broken clouds
388,Athens,GR,2022-02-06 19:20:25,37.9795,23.7162,54.91,77,20,1.01,few clouds
389,Sepuka,TZ,2022-02-06 19:22:27,-4.75,34.5333,63.59,87,100,2.53,light rain
390,Lloydminster,CA,2022-02-06 19:21:34,53.2835,-110.0016,37.08,86,100,9.22,overcast clouds
391,Opuwo,NA,2022-02-06 19:21:19,-18.0607,13.84,74.61,41,100,6.38,overcast clouds
392,Omboue,GA,2022-02-06 19:17:39,-1.5746,9.2618,78.31,85,11,5.46,light rain
393,Rosita,NI,2022-02-06 19:22:28,13.9268,-84.4032,86.38,45,59,5.7,broken clouds
394,Dilla,ET,2022-02-06 19:22:29,6.41,38.31,69.69,37,98,4.63,overcast clouds
395,Pital,CO,2022-02-06 19:22:29,2.2665,-75.8044,73.83,81,97,2.86,overcast clouds
396,Tetouan,MA,2022-02-06 19:22:30,35.5711,-5.3724,59.88,82,75,17.27,broken clouds
397,Katsuura,JP,2022-02-06 19:21:35,35.1333,140.3,35.71,46,84,9.53,broken clouds
398,Carbonia,IT,2022-02-06 19:22:31,39.1672,8.5222,52.45,82,4,8.88,clear sky
399,Vuktyl,RU,2022-02-06 19:22:31,63.8567,57.3094,12.88,78,97,10.69,overcast clouds
400,Manggar,ID,2022-02-06 19:22:32,-2.8833,108.2667,78.93,86,100,9.06,moderate rain
401,Goderich,CA,2022-02-06 19:22:32,43.7501,-81.7165,29.91,74,100,14.97,overcast clouds
402,Milyutinskaya,RU,2022-02-06 19:22:32,48.6279,41.6679,31.08,91,100,8.59,overcast clouds
403,Esperance,AU,2022-02-06 19:22:33,-33.8667,121.9,63.19,71,100,23.47,overcast clouds
404,Aklavik,CA,2022-02-06 19:22:33,68.2191,-135.0107,-18.4,69,100,17.27,overcast clouds
405,Hamilton,US,2022-02-06 19:22:34,39.1834,-84.5333,40.14,58,0,1.01,clear sky
406,The Valley,AI,2022-02-06 19:18:54,18.217,-63.0578,77.14,73,75,14.97,broken clouds
407,Sauda,NO,2022-02-06 19:22:13,59.6506,6.3542,36.68,98,100,4.5,overcast clouds
408,Holalkere,IN,2022-02-06 19:22:35,14.0333,76.1833,71.08,68,100,6.71,overcast clouds
409,Yamada,JP,2022-02-06 19:22:35,39.4667,141.95,24.04,64,9,5.1,clear sky
410,Khagaul,IN,2022-02-06 19:23:36,25.5833,85.05,48.15,93,0,0.0,mist
411,Mundo Nuevo,MX,2022-02-06 19:23:36,18.7,-95.5,66.78,74,26,8.39,scattered clouds
412,Salinas,US,2022-02-06 19:23:37,36.6777,-121.6555,66.0,47,0,0.0,clear sky
413,Teruel,ES,2022-02-06 19:23:37,40.6667,-0.6667,40.96,52,48,4.76,scattered clouds
414,Moguer,ES,2022-02-06 19:23:38,37.2756,-6.8385,61.72,50,4,3.0,clear sky
415,Songjianghe,CN,2022-02-06 19:23:38,42.1859,127.479,-0.04,95,13,5.08,few clouds
416,Baykit,RU,2022-02-06 19:23:39,61.67,96.37,-6.41,100,100,2.53,overcast clouds
417,Webster,US,2022-02-06 19:19:05,42.0501,-71.8801,29.1,57,100,5.79,overcast clouds
418,Ornskoldsvik,SE,2022-02-06 19:23:39,63.2909,18.7153,27.55,100,100,8.05,overcast clouds
419,Sayyan,YE,2022-02-06 19:23:40,15.1718,44.3244,54.28,45,53,4.79,broken clouds
420,Berdigestyakh,RU,2022-02-06 19:23:40,62.0989,126.6992,-23.35,100,95,4.21,overcast clouds
421,Lisala,CD,2022-02-06 19:23:40,2.15,21.5167,77.09,38,71,2.55,broken clouds
422,Faanui,PF,2022-02-06 19:23:41,-16.4833,-151.75,81.23,75,100,22.88,overcast clouds
423,Hasaki,JP,2022-02-06 19:20:56,35.7333,140.8333,25.2,43,0,24.02,clear sky
424,Miri,MY,2022-02-06 19:23:42,4.4148,114.0089,75.34,100,40,0.0,scattered clouds
425,San Jeronimo,PE,2022-02-06 19:23:42,-11.9472,-75.2829,51.46,83,100,5.35,overcast clouds
426,Finschhafen,PG,2022-02-06 19:23:43,-6.6024,147.8681,79.72,83,63,5.46,broken clouds
427,Makasar,ID,2022-02-06 19:23:43,-5.14,119.4221,75.25,100,20,1.14,few clouds
428,Balkhash,KZ,2022-02-06 19:23:44,46.844,74.9804,11.71,86,100,10.25,overcast clouds
429,Newport,GB,2022-02-06 19:23:44,51.5877,-2.9984,48.45,71,15,1.99,few clouds
430,Moose Factory,CA,2022-02-06 19:23:44,51.2585,-80.6094,6.8,72,100,8.05,overcast clouds
431,Champerico,GT,2022-02-06 19:23:45,14.3,-91.9167,93.76,57,7,11.45,clear sky
432,Nabire,ID,2022-02-06 19:23:06,-3.3667,135.4833,76.51,89,100,2.89,overcast clouds
433,Syracuse,IT,2022-02-06 19:23:45,37.0881,15.2792,55.89,83,100,7.47,overcast clouds
434,Agirish,RU,2022-02-06 19:23:46,61.9247,63.0231,4.08,98,100,6.71,overcast clouds
435,Pangai,TO,2022-02-06 19:22:19,-19.8,-174.35,79.16,79,100,23.96,light rain
436,Oksfjord,NO,2022-02-06 19:22:11,70.2396,22.3479,32.18,86,66,12.62,broken clouds
437,Lompoc,US,2022-02-06 19:23:47,34.6391,-120.4579,74.57,39,0,3.44,clear sky
438,Usolye,RU,2022-02-06 19:23:47,59.4268,56.6808,13.21,83,100,8.08,overcast clouds
439,Bestobe,KZ,2022-02-06 19:23:48,52.4994,73.0975,4.26,81,5,7.94,clear sky
440,Mandurah,AU,2022-02-06 19:23:48,-32.55,115.7,66.22,49,100,25.93,overcast clouds
441,Itupiranga,BR,2022-02-06 19:23:49,-5.1347,-49.3267,89.92,73,86,2.17,overcast clouds
442,Loandjili,CG,2022-02-06 19:23:49,-4.7561,11.8578,78.91,89,20,4.61,few clouds
443,Shimoda,JP,2022-02-06 19:21:37,34.6667,138.95,35.1,72,50,10.58,light snow
444,Tura,IN,2022-02-06 19:21:49,25.5198,90.2201,51.69,81,0,2.89,clear sky
445,Sao Paulo De Olivenca,BR,2022-02-06 19:23:50,-3.3783,-68.8725,83.35,78,97,3.85,overcast clouds
446,Uong Bi,VN,2022-02-06 19:23:50,21.0333,106.7833,58.98,97,100,0.31,overcast clouds
447,Moa,CU,2022-02-06 19:23:51,20.6569,-74.9403,78.71,64,65,12.44,broken clouds
448,Pelhrimov,CZ,2022-02-06 19:23:51,49.4313,15.2234,43.36,84,100,3.0,overcast clouds
449,Lalmohan,BD,2022-02-06 19:23:52,22.3384,90.7419,63.34,64,100,8.46,overcast clouds
450,Anloga,GH,2022-02-06 19:23:52,5.7947,0.8973,84.42,78,39,12.88,scattered clouds
451,Krasnoselkup,RU,2022-02-06 19:23:53,65.7,82.4667,-19.88,100,19,7.81,few clouds
452,Hofn,IS,2022-02-06 19:20:30,64.2539,-15.2082,27.0,67,0,16.11,clear sky
453,Corralillo,CU,2022-02-06 19:23:53,22.9819,-80.5856,79.0,64,39,14.38,scattered clouds
454,Coihaique,CL,2022-02-06 19:23:54,-45.5752,-72.0662,82.35,34,20,6.91,few clouds
455,Siverek,TR,2022-02-06 19:23:54,37.755,39.3167,38.01,75,8,4.9,clear sky
456,Takaungu,KE,2022-02-06 19:24:55,-3.6837,39.8566,80.69,91,98,4.09,overcast clouds
457,Jackson,US,2022-02-06 19:20:15,42.4165,-122.8345,58.14,61,0,3.44,clear sky
458,Voznesenye,RU,2022-02-06 19:24:55,61.0106,35.4781,18.81,90,100,10.78,overcast clouds
459,Hornepayne,CA,2022-02-06 19:24:56,49.2138,-84.7705,17.33,91,100,6.98,light snow
460,Rongcheng,CN,2022-02-06 19:24:56,30.634,117.8517,35.01,99,100,6.82,snow
461,Biak,ID,2022-02-06 19:24:57,-0.9131,122.8766,75.76,81,100,3.06,overcast clouds
462,Rocky Mountain House,CA,2022-02-06 19:20:40,52.3668,-114.9188,51.55,31,100,5.75,overcast clouds
463,Tadine,NC,2022-02-06 19:24:57,-21.55,167.8833,79.47,86,100,5.19,overcast clouds
464,Goure,NE,2022-02-06 19:22:06,13.9835,10.2704,67.1,12,0,9.46,clear sky
465,Entre Rios,BR,2022-02-06 19:24:58,-11.9419,-38.0844,85.32,54,96,8.03,overcast clouds
466,Kasongo,CD,2022-02-06 19:24:58,-4.45,26.6667,69.1,97,100,2.95,heavy intensity rain
467,Uglich,RU,2022-02-06 19:24:59,57.5275,38.3317,16.95,98,84,5.48,broken clouds
468,Asyut,EG,2022-02-06 19:24:59,27.181,31.1837,55.58,43,0,8.93,clear sky
469,Haines Junction,CA,2022-02-06 19:24:59,60.7522,-137.5108,40.95,38,100,12.66,overcast clouds
470,Kulachi,PK,2022-02-06 19:25:00,31.9286,70.4592,56.55,47,7,7.49,clear sky
471,Bose,IT,2022-02-06 19:25:00,45.4612,8.0137,42.94,88,100,2.21,overcast clouds
472,Tokur,RU,2022-02-06 19:25:01,53.1333,132.9,-22.04,99,74,1.63,broken clouds
473,Thongwa,MM,2022-02-06 19:25:01,16.7619,96.5278,73.56,64,24,7.65,few clouds
474,Sayansk,RU,2022-02-06 19:25:02,54.1088,102.1648,9.61,97,99,2.48,overcast clouds
475,Bure,ET,2022-02-06 19:25:02,10.7,37.0667,61.03,56,7,5.19,clear sky
476,Langham,CA,2022-02-06 19:25:02,52.3668,-106.9679,19.02,92,100,7.34,overcast clouds
477,Boyolangu,ID,2022-02-06 19:25:03,-8.1181,111.8935,75.16,94,100,4.52,overcast clouds
478,Qasigiannguit,GL,2022-02-06 19:25:03,68.8193,-51.1922,1.65,99,100,5.39,overcast clouds
479,Sistranda,NO,2022-02-06 19:25:04,63.7256,8.834,39.16,64,100,34.31,overcast clouds
480,Villa Carlos Paz,AR,2022-02-06 19:25:04,-31.4241,-64.4978,77.25,10,0,5.99,clear sky
481,Wau,SS,2022-02-06 19:25:05,7.7029,27.9953,74.46,17,32,4.68,scattered clouds
482,Digby,CA,2022-02-06 19:25:05,44.6169,-65.7655,22.15,63,3,2.64,clear sky
483,Dingle,PH,2022-02-06 19:25:06,10.9995,122.6711,73.38,89,63,8.48,broken clouds
484,Sawakin,SD,2022-02-06 19:25:06,19.1059,37.3321,70.95,61,0,9.75,clear sky
485,Morro Bay,US,2022-02-06 19:25:07,35.3658,-120.8499,72.99,30,0,1.99,clear sky
486,Itarema,BR,2022-02-06 19:25:07,-2.9248,-39.9167,84.34,65,100,13.89,overcast clouds
487,Grong,NO,2022-02-06 19:22:15,64.4654,12.3149,33.22,97,100,4.21,light snow
488,Biltine,TD,2022-02-06 19:25:08,14.5333,20.9167,70.56,11,99,16.13,overcast clouds
489,Carutapera,BR,2022-02-06 19:25:09,-1.195,-46.02,80.4,83,100,6.8,moderate rain
490,Ngama,TD,2022-02-06 19:25:09,11.7833,17.1667,75.69,16,0,10.36,clear sky
491,Manacapuru,BR,2022-02-06 19:25:10,-3.2997,-60.6206,81.18,74,95,4.14,moderate rain
492,Jawhar,SO,2022-02-06 19:25:10,2.7809,45.5005,75.11,77,8,16.33,clear sky
493,San Jose,US,2022-02-06 19:21:35,37.3394,-121.895,66.49,48,0,3.0,clear sky
494,Bosaso,SO,2022-02-06 19:25:11,11.2842,49.1816,74.08,72,94,3.27,overcast clouds
495,Winnemucca,US,2022-02-06 19:25:12,40.973,-117.7357,45.1,39,0,10.36,clear sky
496,Luganville,VU,2022-02-06 19:25:14,-15.5333,167.1667,77.88,86,100,7.47,heavy intensity rain
497,Devarkonda,IN,2022-02-06 19:25:15,16.7,78.9333,68.92,78,30,6.4,scattered clouds
498,Gemena,CD,2022-02-06 19:25:15,3.25,19.7667,78.17,25,7,3.15,clear sky
499,Pavlivka,UA,2022-02-06 19:25:16,49.4414,28.4596,32.43,85,100,11.41,overcast clouds
500,Tamuin,MX,2022-02-06 19:25:16,21.9833,-98.75,67.68,38,6,6.06,clear sky
501,Teknaf,BD,2022-02-06 19:25:17,20.8624,92.3058,59.27,67,95,10.85,overcast clouds
502,Konevo,RU,2022-02-06 19:25:17,62.1215,39.3192,11.84,94,100,8.1,overcast clouds
503,Vostok,RU,2022-02-06 19:26:18,46.4856,135.8833,-11.09,99,97,3.98,overcast clouds
504,Waingapu,ID,2022-02-06 19:26:18,-9.6567,120.2641,78.94,85,97,4.72,overcast clouds
505,Perth,AU,2022-02-06 19:23:01,-31.9333,115.8333,66.2,57,40,18.41,scattered clouds
506,Keuruu,FI,2022-02-06 19:26:19,62.2667,24.7,32.18,83,96,9.35,overcast clouds
507,Pauini,BR,2022-02-06 19:26:19,-7.7136,-66.9764,86.61,60,54,1.61,broken clouds
508,Roebourne,AU,2022-02-06 19:26:20,-20.7833,117.1333,83.64,80,5,5.26,clear sky
509,Saint-Georges,GD,2022-02-06 19:26:20,12.0564,-61.7485,83.88,74,40,16.11,scattered clouds
510,Konstantinovka,RU,2022-02-06 19:26:20,49.6167,127.9833,-14.19,100,100,3.11,overcast clouds
511,Izhma,RU,2022-02-06 19:26:21,65.0083,53.9113,14.41,86,100,10.67,overcast clouds
512,Zhangye,CN,2022-02-06 19:26:21,38.9342,100.4517,13.89,83,86,2.48,overcast clouds
513,Panaba,MX,2022-02-06 19:26:22,21.2833,-88.2667,79.54,58,81,11.88,broken clouds
514,Banda Aceh,ID,2022-02-06 19:25:02,5.5577,95.3222,76.35,91,100,8.37,light rain
515,Karasburg,NA,2022-02-06 19:26:23,-28.0167,18.75,71.76,57,98,26.75,light rain
516,Bela,IN,2022-02-06 19:26:23,25.9333,81.9833,51.94,70,0,3.62,clear sky
517,Avera,US,2022-02-06 19:23:55,33.194,-82.5271,49.91,44,100,9.4,overcast clouds
518,Lerwick,GB,2022-02-06 19:26:24,60.1545,-1.1494,39.2,59,42,30.09,scattered clouds
519,Saravan,AM,2022-02-06 19:26:24,39.7196,45.6483,21.85,76,36,6.69,scattered clouds
520,Saryozek,KZ,2022-02-06 19:26:25,44.3583,77.9753,26.85,53,100,6.82,overcast clouds
521,Sampit,ID,2022-02-06 19:26:25,-2.5333,112.95,73.65,99,100,2.53,overcast clouds
522,Dhidhdhoo,MV,2022-02-06 19:26:26,6.8833,73.1,80.49,72,35,9.66,scattered clouds
523,Aquiraz,BR,2022-02-06 19:26:26,-3.9014,-38.3911,86.09,66,23,9.4,few clouds
524,Rodrigues Alves,BR,2022-02-06 19:26:26,-7.738,-72.6509,79.0,78,100,3.13,overcast clouds
525,Vicksburg,US,2022-02-06 19:26:27,32.3526,-90.8779,57.56,30,0,4.61,clear sky
526,Novyy Urengoy,RU,2022-02-06 19:26:27,66.0833,76.6333,-20.94,100,72,2.33,broken clouds
527,Nanma,CN,2022-02-06 19:26:28,36.1817,118.1583,30.49,37,100,2.37,overcast clouds
528,Catamarca,AR,2022-02-06 19:26:29,-28.4696,-65.7852,81.77,44,32,4.0,scattered clouds
529,Awjilah,LY,2022-02-06 19:26:29,29.1081,21.2869,60.94,28,6,4.23,clear sky
530,Puerto Cabezas,NI,2022-02-06 19:26:30,14.0351,-83.3888,84.16,74,40,11.5,scattered clouds
531,Buenos Aires,AR,2022-02-06 19:25:42,-34.6132,-58.3772,72.93,58,75,10.36,broken clouds
532,Birao,CF,2022-02-06 19:26:30,10.2849,22.7882,69.57,15,31,6.33,scattered clouds
533,Bonavista,CA,2022-02-06 19:26:31,48.6499,-53.1147,16.12,63,100,25.41,overcast clouds
534,Igrim,RU,2022-02-06 19:26:31,63.1906,64.4162,-10.01,100,72,4.18,broken clouds
535,Turukhansk,RU,2022-02-06 19:26:32,65.8167,87.9833,-12.87,100,86,3.02,overcast clouds
536,Paita,PE,2022-02-06 19:26:32,-5.0892,-81.1144,82.96,66,54,15.08,broken clouds
537,Port Macquarie,AU,2022-02-06 19:26:32,-31.4333,152.9167,63.9,94,75,8.05,broken clouds
538,West Wendover,US,2022-02-06 19:24:08,40.7391,-114.0733,37.33,44,0,2.86,clear sky
539,Hami,CN,2022-02-06 19:26:33,42.8,93.45,26.6,32,17,12.95,few clouds
540,Boa Esperanca,BR,2022-02-06 19:26:34,-21.09,-45.5658,73.26,86,99,6.58,overcast clouds
541,Balkanabat,TM,2022-02-06 19:26:34,39.5108,54.3671,39.27,67,27,2.46,scattered clouds
542,Matay,EG,2022-02-06 19:26:35,28.419,30.7792,57.07,43,0,6.55,clear sky
543,Manadhoo,MV,2022-02-06 19:26:35,5.7667,73.3833,81.21,70,98,10.36,overcast clouds
544,Ovalle,CL,2022-02-06 19:26:35,-30.5983,-71.2003,86.16,29,0,11.86,clear sky
545,Popondetta,PG,2022-02-06 19:26:36,-8.7537,148.2534,74.23,95,100,3.62,light rain
546,Arlit,NE,2022-02-06 19:26:36,18.7369,7.3853,68.68,9,0,5.28,clear sky
547,Visby,SE,2022-02-06 19:26:37,57.6409,18.296,37.76,93,40,10.36,scattered clouds
548,Los Llanos De Aridane,ES,2022-02-06 19:26:39,28.6585,-17.9182,64.15,70,40,15.01,scattered clouds
549,Genhe,CN,2022-02-06 19:27:39,50.7833,121.5167,-17.1,100,61,1.7,broken clouds
550,Ipixuna,BR,2022-02-06 19:27:39,-1.7625,-48.8043,76.95,90,99,4.74,light rain
551,San Pedro,PH,2022-02-06 19:27:40,14.35,121.0167,78.03,77,75,5.75,broken clouds
552,Buchanan,LR,2022-02-06 19:27:40,5.8808,-10.0467,80.56,78,10,9.91,clear sky
553,Navalmoral De La Mata,ES,2022-02-06 19:27:41,39.8916,-5.5406,51.96,63,7,2.77,clear sky
554,Porto Novo,BJ,2022-02-06 19:27:41,6.4965,2.6036,84.02,78,5,6.87,clear sky
555,Kaka,TM,2022-02-06 19:27:42,37.3482,59.6143,36.28,90,100,6.24,overcast clouds
556,Sualkuchi,IN,2022-02-06 19:27:42,26.17,91.5709,53.58,100,40,0.0,mist
557,Montepuez,MZ,2022-02-06 19:27:43,-13.1256,38.9997,69.51,94,100,3.06,moderate rain
558,Marzuq,YE,2022-02-06 19:27:43,14.4,46.4667,65.86,32,100,1.74,overcast clouds
559,Nanortalik,GL,2022-02-06 19:27:44,60.1432,-45.2371,15.22,67,100,20.65,overcast clouds
560,Albanel,CA,2022-02-06 19:26:20,48.8832,-72.4487,3.34,78,100,10.36,overcast clouds
561,Kaunas,LT,2022-02-06 19:27:45,54.9,23.9,36.88,93,100,8.05,overcast clouds
562,Abashiri,JP,2022-02-06 19:27:45,44.0213,144.2697,25.95,92,100,7.85,light snow
563,Chaibasa,IN,2022-02-06 19:27:46,22.5667,85.8167,59.52,37,95,2.1,overcast clouds
564,Klyuchi,RU,2022-02-06 19:27:46,52.2667,79.1667,-3.51,99,32,4.05,scattered clouds
565,Banff,CA,2022-02-06 19:27:47,51.1762,-115.5698,45.63,42,92,9.22,overcast clouds
566,Mutis,CO,2022-02-06 19:27:47,6.2262,-77.4044,81.01,74,63,7.11,broken clouds
567,Butterworth,MY,2022-02-06 19:27:48,5.3991,100.3638,78.84,91,40,0.0,scattered clouds
568,Buta,CD,2022-02-06 19:27:48,2.7858,24.73,73.87,30,29,2.75,scattered clouds
569,Cap Malheureux,MU,2022-02-06 19:27:48,-19.9842,57.6142,79.47,81,84,3.0,broken clouds
570,Kholm,RU,2022-02-06 19:27:49,59.2667,32.85,31.33,89,100,11.92,snow
571,Emerald,AU,2022-02-06 19:26:50,-23.5333,148.1667,69.94,83,75,6.91,broken clouds
572,Reconquista,AR,2022-02-06 19:27:49,-29.15,-59.65,87.66,15,0,14.27,clear sky
573,Sao Borja,BR,2022-02-06 19:27:50,-28.6606,-56.0044,86.95,22,0,14.61,clear sky
574,Fernandina Beach,US,2022-02-06 19:24:27,30.6697,-81.4626,51.89,92,100,17.27,overcast clouds
575,Humaita,BR,2022-02-06 19:27:51,-7.5061,-63.0208,87.08,70,96,2.01,light rain
576,Barabinsk,RU,2022-02-06 19:27:51,55.3571,78.357,3.67,86,100,3.58,overcast clouds
577,Tilichiki,RU,2022-02-06 19:27:52,60.4667,166.1,-13.94,84,10,9.22,clear sky
578,Ust-Koksa,RU,2022-02-06 19:27:52,50.2696,85.6108,-2.85,78,46,1.12,scattered clouds
579,Rio Gallegos,AR,2022-02-06 19:27:53,-51.6226,-69.2181,78.85,31,75,19.57,broken clouds
580,Jeremie,HT,2022-02-06 19:27:53,18.65,-74.1167,79.11,72,8,6.98,clear sky
581,Takoradi,GH,2022-02-06 19:27:54,4.8845,-1.7554,80.64,78,80,8.63,broken clouds
582,Batemans Bay,AU,2022-02-06 19:27:54,-35.7167,150.1833,63.1,88,70,7.43,broken clouds
583,Waipawa,NZ,2022-02-06 19:23:08,-41.4122,175.5153,57.83,78,100,11.56,overcast clouds
584,Vila Franca Do Campo,PT,2022-02-06 19:27:55,37.7167,-25.4333,63.19,86,63,12.8,broken clouds
585,Staryy Nadym,RU,2022-02-06 19:27:55,65.6118,72.6842,-20.22,100,73,5.75,broken clouds
586,Broome,US,2022-02-06 19:27:56,42.2506,-75.833,30.02,63,0,3.0,clear sky
587,Muros,ES,2022-02-06 19:27:56,42.7762,-9.0603,52.84,71,47,10.63,scattered clouds
588,Chkalovsk,RU,2022-02-06 19:27:56,56.7647,43.2433,13.59,100,98,5.5,overcast clouds
589,Hay River,CA,2022-02-06 19:27:57,60.8156,-115.7999,21.18,86,100,13.8,snow
590,Ixtapa,MX,2022-02-06 19:27:57,20.7,-105.2,76.23,69,20,12.66,few clouds
591,Rawson,AR,2022-02-06 19:27:58,-43.3002,-65.1023,75.85,34,7,15.95,clear sky
592,Kahului,US,2022-02-06 19:26:03,20.8947,-156.47,76.84,72,20,14.97,few clouds
593,Bagdarin,RU,2022-02-06 19:28:58,54.4333,113.6,-10.26,95,18,3.47,few clouds
594,La Asuncion,VE,2022-02-06 19:28:59,11.0333,-63.8628,85.73,62,30,16.11,scattered clouds
595,Topchikha,RU,2022-02-06 19:28:59,52.8192,83.1185,-1.55,100,60,2.13,broken clouds
596,Tiarei,PF,2022-02-06 19:29:00,-17.5333,-149.3333,86.02,76,52,21.85,light rain
597,Yinchuan,CN,2022-02-06 19:29:00,38.4681,106.2731,20.41,91,83,7.2,broken clouds
598,Mikhaylovka,RU,2022-02-06 19:29:00,50.06,43.2379,27.79,97,100,5.86,overcast clouds
599,Gigmoto,PH,2022-02-06 19:29:01,13.7796,124.39,77.34,86,94,13.24,overcast clouds
600,Orshanka,RU,2022-02-06 19:29:01,56.9161,47.8933,16.23,97,100,3.4,light snow
601,Otjimbingwe,NA,2022-02-06 19:29:02,-22.35,16.1333,72.09,81,98,4.38,moderate rain
602,Glinka,RU,2022-02-06 19:29:02,54.6404,32.8781,28.76,95,100,11.74,overcast clouds
603,Paragominas,BR,2022-02-06 19:29:03,-2.9667,-47.4833,82.81,81,97,3.85,very heavy rain
604,Gulu,UG,2022-02-06 19:29:03,2.7746,32.299,78.98,25,100,8.37,overcast clouds
605,Parauna,BR,2022-02-06 19:29:04,-16.9478,-50.4486,80.28,66,92,2.55,overcast clouds
606,Flin Flon,CA,2022-02-06 19:29:04,54.7682,-101.865,-5.96,65,75,6.91,broken clouds
607,Mandera,KE,2022-02-06 19:29:05,3.9366,41.867,86.92,18,97,13.33,overcast clouds
608,Bandundu,CD,2022-02-06 19:29:05,-3.3167,17.3667,76.75,75,76,3.85,broken clouds
609,Mwene-Ditu,CD,2022-02-06 19:29:06,-7.0,23.45,64.6,94,100,6.31,overcast clouds
610,Hambantota,LK,2022-02-06 19:29:06,6.1241,81.1185,75.22,74,97,11.05,overcast clouds
611,Kloulklubed,PW,2022-02-06 19:29:07,7.0419,134.2556,77.5,82,100,23.09,overcast clouds
612,Thinadhoo,MV,2022-02-06 19:29:08,0.5333,72.9333,82.62,69,75,11.05,broken clouds
613,Morristown,US,2022-02-06 19:27:02,36.214,-83.2949,49.84,45,0,0.0,clear sky
614,Chipinge,ZW,2022-02-06 19:29:08,-20.1883,32.6236,64.02,91,91,2.53,light rain
615,Shubarkuduk,KZ,2022-02-06 19:29:09,49.1447,56.4872,17.51,96,100,9.66,overcast clouds
616,Tefe,BR,2022-02-06 19:29:09,-3.3542,-64.7114,89.71,70,20,4.61,few clouds
617,Boa Vista,BR,2022-02-06 19:25:08,2.8197,-60.6733,89.58,48,75,6.91,broken clouds
618,Laguna,US,2022-02-06 19:24:13,38.421,-121.4238,66.02,58,0,1.01,clear sky
619,Amapa,BR,2022-02-06 19:29:10,1.0,-52.0,73.02,99,100,4.07,overcast clouds
620,Scarborough,GB,2022-02-06 19:28:10,54.2797,-0.4044,40.51,80,44,5.01,scattered clouds
621,Coromandel,BR,2022-02-06 19:29:11,-18.4733,-47.2003,67.66,95,100,4.81,overcast clouds
622,Kiama,AU,2022-02-06 19:29:11,-34.6833,150.8667,64.38,87,87,5.01,light rain
623,Easthampton,US,2022-02-06 19:29:12,42.2668,-72.669,30.31,40,0,5.99,clear sky
624,Kapoeta,SS,2022-02-06 19:25:18,4.7717,33.5903,83.7,22,100,5.28,overcast clouds
625,Petropavlovsk-Kamchatskiy,RU,2022-02-06 19:29:13,53.0452,158.6483,27.19,74,75,17.9,light shower snow
626,Sunbury,AU,2022-02-06 19:28:58,-37.5833,144.7333,61.84,85,0,8.05,clear sky
627,Karratha,AU,2022-02-06 19:29:13,-20.7377,116.8463,83.79,80,1,5.55,clear sky
628,Maningrida,AU,2022-02-06 19:29:14,-12.0667,134.2667,75.99,83,41,1.99,scattered clouds
629,Ibirataia,BR,2022-02-06 19:29:14,-14.0669,-39.6406,82.45,73,93,3.11,overcast clouds
630,Abomsa,ET,2022-02-06 19:29:15,9.9833,39.9833,70.86,57,13,5.84,few clouds
631,Brownwood,US,2022-02-06 19:29:15,31.7093,-98.9912,56.52,38,0,0.0,clear sky
632,Chernyshevskiy,RU,2022-02-06 19:29:15,63.0128,112.4714,-5.04,99,100,2.71,overcast clouds
633,Iquique,CL,2022-02-06 19:29:16,-20.2208,-70.1431,71.64,66,20,7.31,few clouds
634,Batagay-Alyta,RU,2022-02-06 19:29:16,67.8006,130.4114,-24.63,99,100,2.48,overcast clouds
635,Harper,LR,2022-02-06 19:29:17,4.375,-7.7169,80.11,80,100,10.74,overcast clouds
636,Belaya Gora,RU,2022-02-06 19:29:17,68.5333,146.4167,-42.79,100,69,0.92,broken clouds
637,Gijon,ES,2022-02-06 19:24:57,43.5357,-5.6615,51.8,81,93,5.99,overcast clouds
638,Pochutla,MX,2022-02-06 19:30:18,15.7432,-96.4661,87.82,41,0,10.16,clear sky
639,Kuusamo,FI,2022-02-06 19:30:18,65.9667,29.1833,21.24,86,100,12.66,overcast clouds
640,Ilheus,BR,2022-02-06 19:30:19,-14.7889,-39.0494,85.82,74,75,6.91,broken clouds
641,Methoni,GR,2022-02-06 19:30:20,36.8197,21.7049,58.21,78,86,7.49,overcast clouds
642,Svetlaya,RU,2022-02-06 19:30:20,46.5389,138.3297,6.87,71,98,7.7,overcast clouds
643,Taseyevo,RU,2022-02-06 19:30:21,57.2169,94.8978,6.22,97,100,2.17,overcast clouds
644,Qaqortoq,GL,2022-02-06 19:30:21,60.7167,-46.0333,7.3,72,100,3.49,overcast clouds
645,Kishtwar,IN,2022-02-06 19:30:22,33.3167,75.7667,39.38,89,100,1.3,overcast clouds
646,Tahe,CN,2022-02-06 19:30:22,52.3333,124.7333,-11.24,98,63,3.44,broken clouds
647,Vila Do Maio,CV,2022-02-06 19:30:23,15.1333,-23.2167,74.19,80,0,13.76,clear sky
648,Rundu,NA,2022-02-06 19:30:24,-17.9333,19.7667,71.06,75,100,5.19,light rain
649,Zhuanghe,CN,2022-02-06 19:30:25,39.7008,122.9911,20.64,66,91,4.94,overcast clouds
650,Batticaloa,LK,2022-02-06 19:30:26,7.7102,81.6924,76.3,80,100,7.94,overcast clouds
651,Snezhnogorsk,RU,2022-02-06 19:30:26,69.1933,33.2531,15.58,89,100,9.48,overcast clouds
652,Daru,PG,2022-02-06 19:28:57,-9.0763,143.2092,77.92,88,100,6.49,overcast clouds
653,Gambela,ET,2022-02-06 19:30:27,8.25,34.5833,83.34,24,83,4.12,broken clouds
654,Kozhevnikovo,RU,2022-02-06 19:30:28,56.2589,83.9714,14.25,90,100,4.79,overcast clouds
655,Buala,SB,2022-02-06 19:30:29,-8.145,159.5921,80.94,84,100,8.97,light rain
656,Jining,CN,2022-02-06 19:30:29,35.405,116.5814,34.56,30,100,2.66,overcast clouds
657,Flinders,AU,2022-02-06 19:30:30,-34.5833,150.8552,66.79,84,89,10.0,light rain
658,Nurlat,RU,2022-02-06 19:30:30,54.4277,50.8051,20.64,97,100,4.34,light snow
659,Jucurutu,BR,2022-02-06 19:30:31,-6.0339,-37.0203,90.68,45,30,18.1,scattered clouds
660,Salvador,SV,2022-02-06 19:30:32,13.8333,-88.9167,83.05,29,40,1.7,scattered clouds
661,Bloomington,US,2022-02-06 19:29:00,44.8408,-93.2983,23.04,72,100,7.0,haze
662,Pithora,IN,2022-02-06 19:30:33,21.2667,82.5167,60.04,28,7,0.92,clear sky
663,Dunedin,NZ,2022-02-06 19:27:03,-45.8742,170.5036,48.69,84,0,3.13,clear sky
664,Concepcion,CL,2022-02-06 19:30:34,-36.827,-73.0498,76.8,47,0,12.66,clear sky
665,Lata,PT,2022-02-06 19:30:35,40.1629,-8.3327,52.81,65,12,3.67,few clouds
666,Alameda,US,2022-02-06 19:30:35,37.5999,-121.8844,65.53,54,0,1.01,clear sky
